Genre;titre;lieu;date_debut;date_fin;Production
Documentaire;inconnu;vue du ciel;01/01/2011;01/01/2011;
série;Antigone 34;parking père louis / berthelot / QG;30/01/2011;08/04/2011; Mascaret Films
émission TV;le bon samaritain;MTP Voltaire - casting;09/02/2011;09/02/2011;KWAI
émission TV;le bon samaritain;MTP Voltaire - casting;12/02/2011;12/02/2011;KWAI
émission TV;le bon samaritain;MTP Voltaire - casting;14/02/2011;14/02/2011;KWAI
émission TV;la baie d'alger;Casting MAISON POUR TOUS VOLTAIRE;14/02/2011;14/02/2011;
série;Antigone 34;comédie / café;15/02/2011;15/02/2011;Mascaret Films
série;Antigone 34;quai du versdanson point zero;15/02/2011;16/02/2011;Mascaret Films
CM;L'amoureuse;quai du verdanson;18/02/2011;22/02/2011;
CM;Dimanche matin;Rue du tour des tlammes / rue st croix;19/02/2011;19/02/2011;Calyposo
série;Antigone 34;rue cardinal de cabrière;21/02/2011;21/02/2011;Mascaret Films
série;Antigone 34;rue cardinal de cabrière, cours hopital st Charles, rue prof. Henri serre;22/02/2011;22/02/2011;Mascaret Films
série;Antigone 34;21 av berthelot / SERM;24/02/2011;24/02/2011;Mascaret Films
série;Antigone 34;rue henn ncard I place J. Mirouze, impasse et rue;28/02/2011;28/02/2011;Mascaret Films
série;Antigone 34;Place st Pierre, Henri IV;01/03/2011;01/03/2011;Mascaret Films
série;Antigone 34;Albert 1er, Place st Pierre , Henri IV;02/03/2011;02/03/2011;Mascaret Films
série;Antigone 34;tournage hotel d'agglo, cantine athène;03/03/2011;03/03/2011;Mascaret Films
émission TV;Le reste du monde;place canourgue et jardin peyrou;04/03/2011;04/03/2011;Odoul DO FILMS
CM;Le dingue;rue Placentin;06/03/2011;06/03/2011;
émission TV;J'ai peur d'oublier;un bureau de production;08/03/2011;08/03/2011;LEONIS
émission TV;J'ai peur d'oublier;MTP Voltaire - casting;08/03/2011;08/03/2011;LEONIS
shooting photo;la redoute;place de la comédie, Panacee;10/03/2011;10/03/2011;Regliss
émission TV;Le reste du monde;rue cathédrale st pierre et arc de triomphe;11/03/2011;11/03/2011;Odoul
CM;Dis lui;cimetière st lazare;13/03/2011;13/03/2011;LCV prod
émission TV;la baie d'alger;MTP Voltaire - casting;14/03/2011;14/03/2011;
émission TV;J'ai peur d'oublier;MTP Voltaire - casting;14/03/2011;14/03/2011;
série;Antigone 34;place Ernest Grannier / batiment jacques coeurs;17/03/2011;17/03/2011; Mascaret Films
CM;Dimanche matin;Montpellier centre;19/03/2011;19/03/2011;Calyposo
CM;Le dingue;peyrou;20/03/2011;20/03/2011;
émission TV;J'ai peur d'oublier;MTP Voltaire - casting;21/03/2011;21/03/2011;
émission TV;le bon samaritain;MTP Voltaire - casting;21/03/2011;21/03/2011;
série;Antigone 34;cimetière prostestant / Place François Jaumes / rue mediterrannee / rue Girard;22/03/2011;22/03/2011; Mascaret Films
série;Antigone 34;tunnel de la comedie et rue durand;26/03/2011;26/03/2011; Mascaret Films
série;Antigone 34;rives du lez / paserelles aphrodites / bassin de richter et quai / bd de l'areroport International;28/03/2011;28/03/2011; Mascaret Films
CM;Calendrettes;parc de la guirlande;29/03/2011;29/03/2011;
série;Antigone 34;rue de messine et contre allée marie de Montpellier;29/03/2011;29/03/2011; Mascaret Films
série;Antigone 34;Carmélites / verdanson;30/03/2011;30/03/2011; Mascaret Films
série;Antigone 34;parking circé, rue Geroges Mélies;31/03/2011;31/03/2011; Mascaret Films
émission TV;M6 un diner presque parfait;plan d'insert : La place de la Comédie;02/04/2011;02/04/2011;
LM;Les vacances de Ducobu;Casting MPT Voltaire;02/04/2011;02/04/2011;
CM;Meurtre a la morgue;Parc Méric;04/04/2011;04/04/2011;
émission TV;M6 un diner presque parfait;tournage sur arc de triomphe;06/04/2011;06/04/2011;
émission TV;Un diner presque parfait;Peyrou pour la flashmob;06/04/2011;06/04/2011;
émission TV;Un diner presque parfait;Peyrou pour la flashmob;06/04/2011;06/04/2011;
émission TV;J'ai peur d'oublier;Père Louis;08/04/2011;11/05/2011;
Documentaire;Slow city;Place de la Comédie, Rue de la Loge;20/04/2011;21/04/2011;
CM;Une Jeunesse française;;01/05/2011;31/05/2011;
LM;La porte noire;Cave hotel de varenne;01/05/2011;02/05/2011;DialoQueens 
Documentaire;Les momies de coptes;tournage vers hopital;14/05/2011;14/05/2011;Cargo Films 
shooting photo;Shooting Montpel/Wood;pérou / antigone / arc de triomphe / antigone;14/05/2011;14/05/2011;Ass SAFENESS CR
émission TV;la vie de Georges Brassens;;17/05/2011;17/05/2011;
shooting photo;C'était 1930, les femmes, les;tournage payrou arceaux;17/05/2011;17/05/2011;
shooting photo;C'était 1930, les femmes, les;comédie;18/05/2011;18/05/2011;
émission TV;Premier amour;ecusson;19/05/2011;19/05/2011;
Film institutionnel;Sud de France;MPT Voltaire;19/05/2011;19/05/2011;
shooting photo;C'était 1930, les femmes, les;parc méric hors orangerie;20/05/2011;20/05/2011;
Film institutionnel;Films sur la ville de Montpellier;Agriparc mas nouguier;24/05/2011;24/05/2011;Pages Images
Film institutionnel;Films sur la ville de Montpellier;zoo Montpellier;25/05/2011;25/05/2011;Pages Images
CM;Tout n'est pas cirrhose mon;rue cité benoit;27/05/2011;28/05/2011;Les zidées du soir
Film institutionnel;Films sur la ville de Montpellier;comédie du libre;28/05/2011;28/05/2011;Pages Images
Film institutionnel;Projet APOKA;ruelles ecusson : petit sel, Bayle St Firmin ranchn;31/05/2011;31/05/2011;
Documentaire;HOMO'STORY;Ville - Gay pride;01/06/2011;05/06/2011;
teaser;vestiaire;centre ville/parc de l'esplanade + passerelle;02/06/2011;02/06/2011;
reperage;CFE-CGC métallurgie;congres-comédie corum;06/06/2011;07/06/2011;TV concept
Documentaire;la ville autrement;quartier Malbosc;17/06/2011;18/06/2011;MARJANE PRODUCTION
CM;De Profondis;maison des choeurs;26/06/2011;26/06/2011;
LM;MICHAEL KOHLHAAS;casting;30/06/2011;30/06/2011;les films d'ici
CM;Une Jeunesse française;reperage - ecole rue du père fabre rue haguenot / reperage Asso. Rrom rue du père fabre rue /MPT Voltaire rue du pere fabre rue haguenot;06/07/2011;13/07/2011;
CM;Bir Hakeim;casting! Maison Pour tous Voltaire;06/07/2011;06/07/2011;
CM;Bir Hakeim;casting / Maison Pour tous Voltaire;08/07/2011;08/07/2011;
série;Antigone 34;casting / Maison Pour tous Voltaire;22/07/2011;22/07/2011; Mascaret Films
Documentaire;One spot one shot;Place de l'EUROPE;29/07/2011;29/07/2011;
émission TV;BIG Jump;Place Paul Bec;31/07/2011;31/07/2011;
CM;Rock n roll over;Place Albert 1er;02/08/2011;02/08/2011;
CM;Bir Hakeim;repition / Salle bas Maison de la démocratie;02/08/2011;10/08/2011;
clip musical;Loin du Gouffre;sous la mairie et avenue des etats du languedoc;13/08/2011;13/08/2011;
publicité;citroen;pont juvénal;21/08/2011;21/08/2011;
publicité;COLAS;zoo Montpellier;31/08/2011;31/08/2011;
publicité;Tournage;Quartier Port Marianne/ antigone/ Malbosc/;05/09/2011;09/09/2011;LETTER Box
Documentaire;tournage étudiant;pavillon populaire parking joffre;14/09/2011;14/09/2011;
publicité;smoking oldness;terrasse restuarant le tannarillos pl du marché;25/09/2011;25/09/2011;
émission TV;detours de France;plusieurs quartiers;01/10/2011;02/10/2011;
série;antigone 34;antigone/ maison des chœurs;02/10/2011;20/12/2011; Mascaret Films
shooting photo;photo pour le polygone;place de la comédie;04/10/2011;05/10/2011;neon productions 
casting;planet b-boy;maison de la démocratie;08/10/2011;08/10/2011;
émission TV;secret story;corum au niveau des statues;08/10/2011;08/10/2011;endemol 
Film scolaire;inconnu;quai du versdanson tronçon philippidès-albert;10/10/2011;15/10/2011;artfx
reportage;inconnu;centre ville;13/10/2011;14/10/2011;Toon production
émission TV;pauline détective;antigone/rue beau séjour;21/10/2011;04/11/2011;
CM;get wild;pl de sparte;22/10/2011;23/10/2011;
CM;sur terre;zoo Montpellier;22/10/2011;23/10/2011;
CM;get wild;pl de Thessalie / place de sparte;29/10/2011;30/10/2011;
Lm;planet b-boy;corum;31/10/2011;18/11/2011;
Lm;planet b-boy;rue de verdun - esplanade charles de gaulle;07/11/2011;07/11/2011;
CM;LEGRIA;cimetière st lazare;10/11/2011;04/12/2011;
CM;artfx;rue croix de lavit;14/11/2011;15/11/2011;
shooting photo;inconnu;plusieurs quartiers;16/11/2011;18/11/2011;
JT Région;festival hip hop;maison des choeurs;18/11/2011;18/11/2011;France 3
shooting photo;home and garden;centre historique;23/11/2011;23/11/2011;leopard films
émission TV;toute une histoire;marché de noël;09/12/2011;09/12/2011;réservoir prod
CM;les arcanes de la mémoire;;01/01/2012;; les films de la nuit
Documentaire;Play;;01/01/2012;31/12/2012;production bonne pioche télévision
Documentaire;La vie de pierre paul riquet;pérou ;01/01/2012;;clair sud production
LM;il est parti dimanche;école à figuerolles;01/01/2012;01/01/2012;
série;série Britanique;pérou;01/01/2012;;Silver river productions
série;candice renoir;MTP voltaire;01/01/2012;31/12/2012;
Documentaire;les montgolfières du sud;survol en montgolière;13/01/2012;13/01/2012;cosmographe productions
CM;l'autre;allée de la méditerranée/ allée du capitaine dreyfus;16/01/2012;22/01/2012;acfa multimédia 
publicité;volkswagen;frimaire/rue messidor/parking de l'europe/rue jeanne d'arc/rue du jeu de mail;01/02/2012;04/02/2012;actarus films 
CM;greenpeace;esplanade de l'europe;04/02/2012;04/02/2012;
CM;le ruban rouge;comédie rue de la loge esplanade toit du corum;10/02/2012;29/02/2012;IUT de Provence site d'arle
clip musical;la rumeur;place candolle;11/02/2012;11/02/2012;autoproduction
interview;mère de nikola karabatic;comédie;22/02/2012;23/02/2012; kelipse studio
publicité;interview karabatic mère;comédie;22/02/2012;23/02/2012;Kelipse studio
clip musical;la rumeur;place candolle;25/02/2012;26/02/2012;autoproduction
clip musical ;inconnu;hall d'accueil mairie et terrasse 4ème étage;27/02/2012;27/02/2012; Onziem Distrikt
reportage;valorisation de montpellier;comédie esplanade corum musée fabre pérou fac médecine gare st roch;27/02/2012;27/02/2012; enjoy montpellier
CM école;projet pédagogique;rue edouard villalonga;03/03/2012;05/03/2012;SystemD productions
CM;toasted;rabelais, frédéric bazille;04/03/2012;04/03/2012;Les yeux clairs productions
série;ligne de vie;ville;05/03/2012;18/06/2012;Télé images
Film institutionnel;Congrés international de l'orientation;pl comédie/ pérou;07/03/2012;12/03/2012;IUT
émission TV;faites entrée l'accusé;corum;12/03/2012;23/03/2012;France 2
LM;pentito;hotel de ville;13/03/2012;13/03/2012;
LM;pentito;rue de la charrue;14/03/2012;15/03/2012;
CM;l'échappée;domaine de grammont;16/03/2012;16/03/2012;cineclectik 
émission TV;c'est pas sorcier;bd sarrail / bonne nouvelle / delattre de tassigny / pl comédie;19/03/2012;19/03/2012;France 3
LM;pentito;hotel de ville;23/03/2012;23/03/2012;
CM;Le procès;rue trésorier de la bourse;24/03/2012;24/03/2012;lycée jean Monnet
émission TV;France 5 - la maison France 5;déambulation centre ville;27/03/2012;27/03/2012;HL productions
shooting photo;Petite oeuvre multimédia;hôtel de ville;30/03/2012;30/03/2012;
clip musical;Reggae Time;esplanade charles de gaulles;31/03/2012;31/03/2012;
CM;la curieuse histoire sans cuillère;rue des carmes du palais, rue valfère, rue potevine, rue de l'amandier, rue de l'huile, pl ste anne, rue philippy, rue ranchin, rue bayle, rue rebuffy;01/04/2012;01/04/2012; les NoUS
émission TV;sur TF1 portrait d'une policière municipale;ville;01/04/2012;01/04/2012;TF1 prod
émission TV;Métropolis;centre ville + HDV;02/04/2012;02/04/2012;ARTE
CM;Séquelle;rue boussairolles , rue vanneau, rue alfred bruyas et rue david belugou;06/04/2012;07/04/2012;Université Paul Valéry
CM-teaser;BAD MOOD;port marianne;09/04/2012;09/04/2012;
CM-teaser;BAD MOOD;café joseph;10/04/2012;10/04/2012;
CM-teaser;BAD MOOD;port marianne;13/04/2012;13/04/2012;
CM-teaser;BAD MOOD;port marianne;14/04/2012;14/04/2012;
clip musical;je n'y crois pas;rue coste frégé - rue st pierre;04/05/2012;04/05/2012;
CM;jack;rue de lunaret / av de castelnau;16/05/2012;17/05/2012;
CM;jack;rue de villefranche;25/05/2012;25/05/2012;
Documentaire;travaux de rénovation toiture cathédrale st pierre;cathédrale St Pierre;13/06/2012;13/06/2012;Kaleo
CM;Vidéo L'ENT;arret tram av du mondial, lycée PMF;14/06/2012;14/06/2012;
série;candice renoir;MTP voltaire;14/06/2012;15/06/2012;
publicité;spot Honda;tunnel corum et comédie,  parking Circé;22/06/2012;22/06/2012;
LM;n'importe qui;corum ;02/07/2012;27/08/2012;why not productions
LM;il est parti dimanche;base nautique lavalette;13/08/2012;19/09/2012;
CM;l'eau;passerelle du corum;15/08/2012;15/08/2012;les films pelleas
publicité;vélonnagg;place de la comédie;19/08/2012;20/08/2012;satellite multimedia
LM;run rabbit run;salle pétrarque;04/09/2012;10/09/2012;
LM;la grande boucle;av du pirée- bd des arceaux - ;13/09/2012;14/09/2012;Fidélité films
publicité;film publicitaire CNC;bd sarrail appartement privé;13/09/2012;13/09/2012; bandoriginale
LM;la grande boucle;rue de verdun rockstore;19/09/2012;20/09/2012;
émission TV;top chef 4;bois de montmaur;28/09/2012;28/09/2012;Studio 89
publicité;les équipes derrières les équipes;halles laissac;01/10/2012;01/10/2012;société générale
shooting photo;Digi World Summit;peyrou, comédie, arc de triomphe;10/10/2012;10/10/2012; PRADO PRODUCTIONS
émission TV;house hunters international;peyrou, cathédrale st Pierre, musée Atger, maison heidelberg, comédie, pl notre dame, esplanade de l'europe;20/10/2012;20/10/2012;leopard films in new york
casting;candice renoir;;24/10/2012;24/10/2012;
publicité;lexus;entrepôt EAI;25/10/2012;26/10/2012;M&M films services
série;candice renoir;casting;05/11/2012;05/11/2012;
CM école;meet the myth;comédie;12/12/2012;13/12/2012;artfx école
CM;LUNE DE MIEL;inconnu;01/01/2013;01/01/2013;
CM école;REVOLUCION;;01/01/2013;;artfx
émission TV;bienvenue dans mon institut;rue jules lathreille;01/01/2013;;coyotte prod
série;CUT;;01/01/2013;;terence films
casting;fils;;10/01/2013;10/01/2013;
publicité;France télécom;comédie;10/01/2013;21/01/2013;France tv
casting;les vacances du petit nicolas;maison pour tous colucci;12/01/2013;12/01/2013;fidélités films
publicité;crédit agricole;pl du nombre d'or;15/01/2013;18/01/2013;rita films 
casting;fils;;17/01/2013;17/01/2013;
casting;le dernier coup de marteau;maison pour tous mercouri;19/01/2013;19/01/2013;lionceau films
casting;le dernier coup de marteau ;;25/01/2013;25/01/2013;lionceau films
casting;le dernier coup de marteau;;09/02/2013;09/02/2013;lionceau films
clip musical ;ARKHAM; villa du parc méric;09/02/2013;10/02/2013;groupe Gravity
casting;le dernier coup de marteau;;13/02/2013;13/02/2013;lionceau films
Documentaire;mise en avant de la serre amazonienne et off;;13/02/2013;09/04/2013;ACFA multimédia 
LM;CHOC;sous le pont Zuccarelli;13/02/2013;13/02/2013;
CM;fils;;16/02/2013;25/02/2013;
CM école;heureux;10 rue du four st Eloi;20/02/2013;15/03/2013;
CM;fils;13, 46 et 54 bd arceaux / rue valette angle rue marioge / Préfecture pl des martyrs de la résistance;22/02/2013;22/02/2013;
CM école;EPIC TALE;av vertbois - rés le lunaret;23/02/2013;23/02/2013;artfx
casting;le dernier coup de marteau;;25/02/2013;25/02/2013;lionceau prod
Documentaire;coupez ça tourne;cinéma nestor burma;25/02/2013;25/02/2013;pages et image prod 
Documentaire;coupez ça tourne;cinéma nestor burma;26/02/2013;26/02/2013;pages et image prod 
casting;N'importe qui;;27/02/2013;27/02/2013;why not productions
Film institutionnel;bilan patrimoine;comédie;27/02/2013;27/02/2013;solanciel 
casting;N'importe qui;;28/02/2013;01/03/2013;why not productions
clip musical ;play ground;bassin jacques cœur;28/02/2013;28/02/2013;radio campus
CM école;l'échappée laide;921 croix de lavit ;28/02/2013;10/03/2013;
Documentaire;coupez ça tourne;cinéma nestor burma;28/02/2013;28/02/2013;pages et image prod 
sessions accoustiques;play ground;bassin jacques cœur / allée jean de lattre de tassigny;28/02/2013;28/02/2013;radio campus
clip musical ;play ground;rives du lez;01/03/2013;01/03/2013;radio campus
CM école;just want to be a hero;rue du refuge/ allée paul boulet et pla de la chapelle neuve;01/03/2013;01/03/2013;école artfx
Documentaire;coupez ça tourne;cinéma nestor burma;01/03/2013;01/03/2013;pages et image prod 
emission tv web;projet balcany;toit du coum esplanade charles de gaule;01/03/2013;03/03/2013;
sessions accoustiques;play ground;esplanade de l'europe;01/03/2013;01/03/2013;radio campus
Documentaire;running redlight;comédie, corum, foch, parvis hdv, arceaux, loge, pl jean jaurès;16/03/2013;16/03/2013;nice and polite films LTD
CM école;ce n'est qu'un jeu;mpt voltaire;23/03/2013;23/03/2013;
émission école;sport xtr'm;parc montcalm EAI;27/03/2013;27/03/2013;Studio M
clip musical ;play ground;square boffet;30/03/2013;30/03/2013;radio campus
clip musical ;play ground;croisement st pierre /rue ste croix au pied la pl de la canourgue;30/03/2013;30/03/2013;radio campus
clip musical ;play ground;pl candolle;31/03/2013;31/03/2013;radio campus
émission école;sport xtr'm;bois de montmaur/rives du lez;03/04/2013;04/04/2013;Studio M
Documentaire;barbara;pl jean jaurès / pl albert 1er;05/04/2013;06/04/2013;
CM école;AMASIA;serre amazonienne;08/04/2013;08/04/2013;artfx
CM école;écrivain;rue de la cavalerie / contre allée bd des arceaux / av d'assas / rue lallemand;20/04/2013;20/04/2013;jean monnet
CM  ;récréation;allée jean de lattre de tassigny;22/04/2013;24/04/2013;
CM école;COPIER COLLER;rue ste croix / rue du puits des esquilles / rue castel moton / rue de la verrerie basse;22/04/2013;28/04/2013;artfx
CM;entre les clous;croisement foch et bd henri IV / château d'eau du Peyrou / rue Jalade /rue hilaire ricard / passage piéton au dessus rue hilaire ricard;23/04/2013;24/04/2013;KINO PROD
CM  ;récréation;Mairie de Montpellier;23/04/2013;23/04/2013;
Documentaire;portrait de gilles Clément (paysagiste);parc de la lironde et parc des pastourelles;24/04/2013;24/04/2013;
émission TV;100% mag;peyrou;24/04/2013;25/04/2013;C production
CM;10 ans du refuge;antigone;01/05/2013;10/05/2013;
CM;LE PASSAGER;parc de fondcolombe;03/05/2013;05/05/2013;
CM;SANS RELACHE;parking joffre;11/05/2013;12/05/2013;
CM ;DERNIERE COURSE;croisement rue carat et av de la justice de castelnau;11/05/2013;11/05/2013;
LM;métamorphoses;grand mail / tour d'assas / toit tour d'assas / Centre nautine neptune (av hedeilberg) : av louisville implantation cantine;15/05/2013;17/05/2013;
CM;AMERICAN FAST FOOD;rue andré lenotre à celleveuve;17/05/2013;25/05/2013;Scream box pictures
CM;LE PASSAGER;parc de fondcolombe;18/05/2013;20/05/2013;
CM école;CA COMMENCE AUJOURD'HUI;square tour des pins ;19/05/2013;19/05/2013;ACFA multimédia
CM école;LA PATERNITE;parvis Hôtel de ville;20/05/2013;20/05/2013;
shooting photo;URBAN OUTFITTERS;parc Méric  ;24/05/2013;24/05/2013;contisud
clip musical;FOU LE FAYA;base de lavalette;25/05/2013;25/05/2013;autoproduction
shooting photo;EUROPCAR;plan de l'Om;25/05/2013;26/05/2013;la formule production
CM;REMANENCES;place st Côme / rue Chamayou;27/05/2013;28/05/2013;
CM;DIABOLUS IN MUSICA;rue castel moton / rue de la providence / croisement entre la rue du petit st jean  et rue du plan d'Agde / Parc Clémenceau / Bd Henri IV/square de la tour des pins / square tour des pins / croisement rue armand gautier et rue cardinal de cabrières / rue de ratte / rue du plan de l'olivier / Kiosque à journaux pied de l'observatoire / grand rue jean moulin / imp laurent;01/06/2013;09/06/2013;
CM;DIABOLUS IN MUSICA;;01/06/2013;01/06/2013;
clip musical;MONTPELLIER BOP A LULA SET&MATCH;arc de triomphe / rue roucher;05/06/2013;05/06/2013;le crabe production
émission TV;4 MARIAGES POUR 1 LUNE DE MIEL;HDV;15/06/2013;15/06/2013;ITV STUDIOS France
casting;candice renoir;;20/06/2013;20/06/2013;lionceau prod 
émission TV;4 mariages pour 1 lune de miel ;salle pétrarque;21/06/2013;21/06/2013;itv studios France
publicité;CITROEN;plusieurs sites retenus;21/06/2013;21/06/2013;
CM;DIABOLUS IN MUSICA;kiosque à journée;25/06/2013;25/06/2013;
émission TV;4 mariages pour 1 lune de miel ;rives du Lez à préciser;27/06/2013;27/06/2013;itv studios France
Casting;NI DIEU NI PRISON;Mpt Voltaire;01/07/2013;01/07/2013;
portrait;;plusieurs sites retenus;13/07/2013;14/04/2013;
Casting;LES ASSOIFFES (CM);Mpt Voltaire;15/07/2013;15/07/2013;CP -Production
émission TV;CRIMES;comédie, aqueduque St Clément;18/07/2013;18/07/2013;carson prod
LM;LE DERNIER COUP DE MARTEAU;rond point de madrid / esplanade charles de gaulle / stade Mosson / rue paul brousse / bretelle recambale;06/08/2013;12/08/2013;lionceau films 
Documentaire;UN MONDE D'IMAGE;interview en déambulation sur le thème de la BD;16/08/2013;17/08/2013;
CM;ECUMES;rue de Galata / bd vieussens / rue maury / bd jeu de paumes;22/08/2013;24/08/2013;
CM;L'ASSISTANT;théâtre J Vilar;26/08/2013;28/08/2013;Focus film 34
CM;L'ASSISTANT;rue bourrely / hotel de ville (salle réunion rives du lez 1);26/08/2013;29/08/2013;focus film 34
Pilote clip;FOIRE INTERNATIONALE DE MONTPELLIER;micro trottoir  avec déambulation;26/08/2013;26/08/2013;
CM;RENAISSANCE;esplanade ;29/08/2013;29/08/2013;Studio M
CM;RENAISSANCE;esplanade ;29/08/2013;29/08/2013;Studio M
LM;VIE SAUVAGE;square planchon;29/08/2013;29/08/2013;les films du lendemain
LM;LA VIE SAUVAGE;square planchon;29/08/2013;29/08/2013;les films du lendemain
projection plein air;Mon Oncle;Place Ranchin/Philippy;10/09/2013;10/09/2013;Maison de l'architecture
CM;TROIS FRONTIERES;Tour d'Assas;21/09/2013;21/09/2013;
émission TV;MIDI EN France;Place de la Comédie;23/09/2013;24/09/2013;R&G productions 
Reportage;EXPO CHIHARU SHIOTA;carré ste Anne;26/09/2013;26/09/2013;CIMA 
Prise de son;PROJET MEDIA RADIO IDEM;Serre amazonienne;11/10/2013;11/10/2013;internat d'excellence de Montpellier
clip musical;groupe gravity;parc Méric (villa);16/10/2013;17/10/2013;
Reportage;étude de cas ;carré ste Anne;16/10/2013;16/10/2013;
teaser;JUKE BOX CHAMPIONS don't rock the jukebox;peyrou;20/10/2013;20/10/2013;o2 prod
documentaire web;ROYAL CANIN;parvis polygone/pl nombre d'or/av capitaine Dreyfus/bassin Jacques cœur;21/10/2013;22/10/2013;
clip musical ;JUKE BOX CHAMPIONS run;gambetta;26/10/2013;27/10/2013;o2 prod
émission TV;FRENCH COLLECTION;promenade du Peyrou;27/10/2013;27/10/2013;REEF TELEVISION
reportage photo;artdessens;mpt ;29/10/2013;31/10/2013;
émission TV;COACH TRIP;plusieurs rues du CV;01/11/2013;01/11/2013;channel 4
émission TV;NON ELLUCIDE;devant le TGI et le SRPJ foch vlafère palais des guilhem et dubout;13/11/2013;15/11/2013;
CM;A QUI LA FAUTE;av foch devant le TGI;27/11/2013;27/11/2013;KINO
CM école;THE BALL;arrêt de tram Antigone;28/11/2013;28/11/2013;studio M
documentaire  ;OTH sur des charbons ardents;rue de verdun, parvis gare, rue alfred bruyas, pl castellane/rue mareschal;29/11/2013;01/12/2013;
reportage photo;CELEBRITES CIMETIERES ST LAZARE;st lazare;30/11/2013;30/11/2013;midi libre
clip musical ;breakin' world series;mairie/EAI;01/12/2013;01/12/2013;
CM école;TO THE OTHER SIDE;albert 1er/ St charles et un parc;01/12/2013;01/12/2013;
CM école;HYBRIS;zoo lunaret;01/12/2013;01/12/2013;artfx
émission TV;le meilleur relooker;marché pl comédie et rue commerçante écusson;02/12/2013;06/12/2013;TF1 productions
émission TV;1 semaine pour faire la fête;centre ville;07/12/2013;07/12/2013;TF1 production
CM;Susi;Esplanade Charles De Gaulle;01/01/2014;01/01/2014;
CM école;Reportage sur la monnaie à Montpellier;Parvis St Denis;09/01/2014;09/01/2014;Acfa Multimédia
CM école;Revolucion;montpellier / bdc Jeu de paume;11/01/2014;12/014/2014;artfx
CM école;OZO;zoo lunaret;14/01/2014;14/01/2014;école des beaux arts de Montpellier
émission TV;Cracks pel mon;centre ville;15/01/2014;16/01/2014;IB3 productions
CM école;Hybris;zoo lunaret;23/01/2014;27/01/2014;artfx
CM école;Cash Trip;place Jean Jaures;31/01/2014;31/01/2014;Studio M
CM école;Cash Trip;rue de la méditerrannée / place François Jaunes;01/02/2014;01/02/2014;Studio M
documentaire;First International symposium on cancer;Salle des rencontres HDV;05/02/2014;07/02/2014;Oncodefi
émission TV;Les carnets de julie;rue Bayle /jardin des plantes;10/02/2014;13/02/2014;Troisième œil
CM école;Documentaire Parc Darwin;zoo lunaret;12/02/2014;12/02/2014;acfa Multimédia
publicité;ROYAL CANIN;av de la mer + HDV;14/02/2014;14/02/2014;Fishing com
documentaire;La nouvelle arche de Noé;zoo lunaret;09/03/2014;10/03/2014;Gédéon programmes
CM école;Aurora;Corum;10/03/2014;10/03/2014;studio M
publicité;Ecole Française du Tram;Place de la comédie / av Léon Blum / av du Mondial 98 / bd Paster / rue Maguelone;10/03/2014;14/03/2014;MUSEE
documentaire;Les chefs d'œuvres du monde;cimetière St Lazare;11/03/2014;11/02/2014;VITC
reportage photo;Prises de vues Crédit Agricole;rue ste croix / rue école de la pharmacie / rue Germain / rue de la loge / Grand rue Jean Moulin / pl de la Comédie / pl Albert 1er;18/03/2014;20/03/2014;CAPA Pictures
émission TV;The one that got away;pl de la Comédie / rue de la Loge;24/03/2014;27/03/2014;TV Only
shooting photo;Orchestra;pl de la Canourgue / Peyrou;26/03/2014;02/04/2014;Orchestra
CM école;CM lycéen;rue de l'amandier;29/03/2014;30/03/2014;lycée jean Monnet
documentaire;Cimetière St Lazare;cimetière St Lazare;30/03/2014;30/03/2014;Asahi prod
documentaire;projet étudiants américains;centre historique;31/03/2014;02/04/2014;ICEF Public School
série;Crimes et botanique;Peyrou;02/04/2014;29/04/2014;Italique production
émission TV;Droit devant;bassin javques cœur / Peyrou / jardin de la Reine / EAI;07/04/2014;15/04/2014;Puzzle média
shooting photo;Land rover discorey;Piscine Olympique;08/04/2014;08/04/2014;Cogent Lindley
CM école;Comédie Musicale;pl Dionysos;11/04/2014;13/04/2014;Lycée Louis Feuillade
CM;Dakota Dick;Esplanade Charles De Gaulle;14/04/2014;14/04/2014;
reportage;France 3 IETM;La Panacée;18/04/2014;18/04/2014;France tv
shooting photo;Longboard;Serre amazonienne;23/04/2014;23/04/2014;Norpotex
CM;Lenz;Stade Philippidès;05/05/2014;05/05/2014;Same Art
publicité;Campagne Sud de France;rue ancien courrier;04/06/2014;04/06/2014;Toscane Prod
publicité;Ricard;pl de la Comédie / pl Jean Jaures / rue école de médecine / rue Université ;13/06/2014;13/06/2014;rita 
publicité;Witt;Esplanade Charles De Gaulle;18/06/2014;18/06/2014;Escap Sup
émission TV;L'addition svp;centre historique;27/06/2014;04/07/2014;TF1 Productions
CM école;Justice;rue pont de lavérune / rue des bouissettes;02/07/2014;09/07/2014;lycée jean Monnet
publicité;Mercedes;HDV / Lycée Georges Frêche;07/07/2014;08/07/2014;Conti sud productions
shooting photo;Orchestra;HDV;18/07/2014;18/07/2014;Orchestra
MM;Sursis;rue de la vielle / rue claude serres / rue plan de l'olivier / rue Sainte-ursule;11/08/2014;13/08/2014;autoproduction
LM étudiant;L'essence humaine;rue petite loge;20/08/2014;20/08/2014;
CM;Fou Rire;rue de l'aiguillerie;29/08/2014;31/08/2014;
CM;Belle Gueule;rue Edmond Halley / imp Galilée;30/08/2014;03/08/2014;1015 productions
CM;La Nuit pale;centre Rabelais;12/09/2014;12/09/2014;Minibus
CM;Sut ton rytme;Peyrou;19/09/2014;19/09/2014;JJAM productions
émission TV;Dinyager;port marianne / Arc de Triomphe;28/09/2014;01/10/2014;TRT 6 Channel
clip musical;UNSA;HDV / pl Tibériade;30/09/2014;30/09/2014;
shooting photo;Orchestra;Passerelle des Barons de Caravètes;01/10/2014;01/10/2014;Orchestra
Film institutionnel;Le futur invisible;centre historique;02/10/2014;04/10/2014;EDF
documentaire;Police vies de flics;;03/10/2014;03/10/2014;Zodiak media
émission TV;Caméra cachée;pl de la comédie / Peyrou / Arceaux / universités / Odysséum;06/10/2014;10/10/2014;Good TV
émission TV;Echapées belles;centre historique;07/10/2014;08/10/2014;Bo productions
émission TV;FRENCH COLLECTION;Mosson / Peyrou;19/10/2014;19/10/2014;REEF TELEVISION
émission TV;Satuday Night take away;faubourg St Jaume / imp Louis Faidherla / millénaire;30/10/2014;30/10/2014;itv studios France
CM;Une vie de chien;centre historique;06/12/2014;12/12/2014;autoproduction
émission TV;L'amour incognito;jardin des plantes / pl Jean Jaurès / esplande Charles De Gaulle / pl de la comédie;06/12/2014;06/12/2014;Média TV, NRJ12
CM;Jamais Ensemble;rue ada / rue GayLussac / rue St Priest / rue verdun;09/12/2014;17/12/2014;Luna productions
CM;Physiks;EAI;15/12/2014;16/12/2014;Artfx
